Frequency (MHz),Ground Data (Watts),Sky Data (Watts),Source Data (Watts),Original Receiver Temperature (Tr) (K),Corrected Receiver Temperature (Tr) (K),Source Temperature (Ts) (K),Brightness Temperature (K)
1419.5,3.0690219883911547e-07,7.744617978025191e-08,8.184647881347904e-08,94.56863685198577,94.56863685198577,5.65724194172914,-0.12769167983766394
1419.50390625,2.9580124665515464e-07,7.277798045368243e-08,7.691304402866098e-08,91.26576006846496,91.26576006846496,5.469580709649847,-0.3153529119169569
1419.5078125,2.9444216337987606e-07,7.261059574351542e-08,7.691304402866098e-08,91.56031363151243,91.56031363151243,5.721558286954576,-0.06337533461222833
1419.51171875,2.917427014001166e-07,7.227698036021703e-08,7.691304402866098e-08,92.1527995590148,92.1527995590148,6.231673792657247,0.4467401710904433
1419.515625,2.8906798823654744e-07,7.177942912713614e-08,7.620790100254114e-08,92.45074328484525,92.45074328484525,6.012277906388363,0.22734428482155877
1419.51953125,2.8707805820246893e-07,7.161434102129012e-08,7.585775750291836e-08,93.05006094606635,93.05006094606635,5.809831364914729,0.024897743347924717
1419.5234375,2.851018267503907e-07,7.128530301265191e-08,7.55092227665434e-08,93.35144646971291,93.35144646971291,5.827689579905268,0.04275595833846424
1419.52734375,2.818382931264455e-07,7.112135136533295e-08,7.516228940182045e-08,94.56863685198564,94.56863685198564,5.657241941728884,-0.12769167983791974
1419.53125,2.798981319634363e-07,7.079457843841373e-08,7.481695005111553e-08,94.87587626928062,94.87587626928062,5.67469852015229,-0.11023510141451354
1419.53515625,2.792543841237339e-07,7.046930689671468e-08,7.498942093324559e-08,94.56863685198552,94.56863685198552,6.386632888167242,0.6016992666004377
1419.5390625,2.792543841237339e-07,7.063175542629623e-08,7.481695005111553e-08,94.87587626928077,94.87587626928077,5.918017724300938,0.1330841027341343
1419.54296875,2.786121168629772e-07,7.046930689671468e-08,7.447319739059889e-08,94.87587626928065,94.87587626928065,5.674698520152049,-0.11023510141475512
1419.546875,2.773320104651841e-07,7.030723198838328e-08,7.481695005111553e-08,95.18430445463447,95.18430445463447,6.4261236664242745,0.6411900448574706
1419.55078125,2.773320104651841e-07,7.063175542629623e-08,7.498942093324559e-08,95.80475153181261,95.80475153181261,6.219205314034113,0.4342716924673091
1419.5546875,2.7797132677592886e-07,7.095777679633887e-08,7.516228940182045e-08,96.116782727429,96.116782727429,5.991546054542582,0.2066124329757777
1419.55859375,2.798981319634363e-07,7.079457843841373e-08,7.498942093324559e-08,94.87587626928062,94.87587626928062,5.918017724300952,0.1330841027341485
1419.5625,2.8054336379517105e-07,7.128530301265191e-08,7.585775750291836e-08,95.49392749839072,95.49392749839072,6.445983822962376,0.6610502013955717
1419.56640625,2.8313919957993814e-07,7.194489780036998e-08,7.620790100254114e-08,95.49392749839058,95.49392749839058,5.95463956197591,0.1697059404091057
1419.5703125,2.851018267503907e-07,7.277798045368243e-08,7.762471166286912e-08,96.11678272742915,96.11678272742915,6.733985520929409,0.9490518993626047
1419.57421875,2.8906798823654744e-07,7.379042301291015e-08,7.798301105232594e-08,96.11678272742917,96.11678272742917,5.745203734271229,-0.03972988729557514
1419.578125,2.910717118066605e-07,7.430191378967021e-08,7.870457896950986e-08,96.11678272742917,96.11678272742917,5.99154605454261,0.20661243297580612
1419.58203125,2.9580124665515464e-07,7.516228940182045e-08,7.97994687267977e-08,95.49392749839043,95.49392749839043,6.2000288521016245,0.41509523053482056
1419.5859375,3.013006024186122e-07,7.603262769401823e-08,8.053784411990676e-08,94.56863685198566,94.56863685198566,5.8998126443048875,0.11487902273808359
1419.58984375,3.0478949896279863e-07,7.709034690644292e-08,8.184647881347904e-08,94.87587626928045,94.87587626928045,6.161897837144338,0.3769642155775337
1419.59375,3.0902954325135887e-07,7.744617978025191e-08,8.222426499470712e-08,93.65399091167758,93.65399091167758,6.086512939173829,0.3015793176070254
1419.59765625,3.147748314101314e-07,7.943282347242822e-08,8.413951416451947e-08,94.56863685198579,94.56863685198579,5.899812644304703,0.11487902273789885
1419.6015625,3.1988951096913974e-07,8.01678063387679e-08,8.531001140175895e-08,93.65399091167744,93.65399091167744,6.3279647369492835,0.5430311153824796
1419.60546875,3.273406948788379e-07,8.203515443298177e-08,8.709635899560796e-08,93.65399091167747,93.65399091167747,6.086512939173787,0.30157931760698276
1419.609375,3.334264127632347e-07,8.375292821268826e-08,8.830799004185621e-08,93.95770016275429,93.95770016275429,5.382002185868885,-0.4029314356979192
1419.61328125,3.388441561392024e-07,8.452788451602908e-08,8.974287945007491e-08,93.05006094606662,93.05006094606662,6.049253143436459,0.26431952186965546
1419.6171875,3.443499307633384e-07,8.570378452303692e-08,9.057326008981997e-08,92.74982848886704,92.74982848886704,5.553901780799734,-0.23103184076706995
1419.62109375,3.5318316979195664e-07,8.64967918775692e-08,9.225714271547628e-08,90.68000361861124,90.68000361861124,6.371917120296658,0.5869834987298539
1419.625,3.597493351557423e-07,8.912509381337459e-08,9.484184633008979e-08,92.15279955901482,92.15279955901482,6.231673792657261,0.4467401710904575
1419.62890625,3.6559479161312506e-07,9.015711376059571e-08,9.571940712948442e-08,91.56031363151249,91.56031363151249,5.957342352779719,0.172408731212915
1419.6328125,3.7325015779572067e-07,9.18332596483581e-08,9.727472237769661e-08,91.26576006846493,91.26576006846493,5.704104891079751,-0.08082873048705252
1419.63671875,3.8370724549227924e-07,9.440608762859227e-08,1.0023052380778995e-07,91.26576006846472,91.26576006846472,5.939169706582703,0.15423608501589925
1419.640625,3.908408957924021e-07,9.571940712948442e-08,1.0185913880541169e-07,90.68000361861124,90.68000361861124,6.137204215811238,0.35227059424443397
1419.64453125,3.9902490236214203e-07,9.772372209558111e-08,1.0351421666793431e-07,90.68000361861138,90.68000361861138,5.6693966393791015,-0.11553698218770236
1419.6484375,4.064433291652132e-07,9.931160484209334e-08,1.054386896391258e-07,90.38878959177634,90.38878959177634,5.885064524376503,0.10013090280969905
1419.65234375,4.168693834703355e-07,1.0185913880541169e-07,1.0789467222298286e-07,90.38878959177649,90.38878959177649,5.652141123465327,-0.13279249810147675
1419.65625,4.2266861426560286e-07,1.0209394837076808e-07,1.0864256236170655e-07,88.9491418802781,88.9491418802781,6.026181519785453,0.24124789821864923
1419.66015625,4.325138310350088e-07,1.0495424286523221e-07,1.1194378834671525e-07,89.52173822246938,89.52173822246938,6.294781137558374,0.5098475159915701
1419.6640625,4.395416154378243e-07,1.0592537251772887e-07,1.1297959146727976e-07,88.6644589580557,88.6644589580557,6.237689663737186,0.4527560421703818
1419.66796875,4.477133041763623e-07,1.0889300933334332e-07,1.1561122421920994e-07,89.80966235573226,89.80966235573226,5.849334946859912,0.06440132529310816
1419.671875,4.5603691595129643e-07,1.1015393095414157e-07,1.166809617060963e-07,88.94914188027798,88.94914188027798,5.5668366336160915,-0.21809698795071242
1419.67578125,4.655860935229591e-07,1.1194378834671525e-07,1.1912420080273737e-07,88.38084578377351,88.38084578377351,5.989729292910468,0.20479567134366405
1419.6796875,4.7097732639695245e-07,1.137627285823431e-07,1.2078138351067798e-07,88.9491418802781,88.9491418802781,5.79624465664574,0.011311035078936271
1419.68359375,4.797334486366892e-07,1.1455129414455361e-07,1.221799660164871e-07,87.5363722102994,87.5363722102994,6.162563461925259,0.3776298403584555
1419.6875,4.886523593428336e-07,1.1614486138403425e-07,1.2359474334445107e-07,86.9786428354784,86.9786428354784,5.8997877636439995,0.11485414207719558
1419.69140625,4.931738039549359e-07,1.1803206356517298e-07,1.2618275345906705e-07,87.8168076299627,87.8168076299627,6.409453440719716,0.624519819152912
1419.6953125,5.035006087879052e-07,1.202264434617412e-07,1.2793813041575253e-07,87.53637221029918,87.53637221029918,5.935562209097441,0.1506285875306368
1419.69921875,5.128613839913648e-07,1.216186000646368e-07,1.2971792709839574e-07,86.70133863935239,86.70133863935239,6.106953465003343,0.32201984343653933
1419.703125,5.18800038928961e-07,1.2359474334445107e-07,1.309181922999407e-07,87.25698565776538,87.25698565776538,5.466570073850306,-0.31836354771649766
1419.70703125,5.260172663907063e-07,1.2647363474711521e-07,1.336595516546442e-07,88.38084578377351,88.38084578377351,5.305667065698685,-0.4792665558681186
1419.7109375,5.345643593969719e-07,1.267651865857846e-07,1.3458603540559485e-07,86.70133863935239,86.70133863935239,5.657565183223753,-0.12736843834305134
1419.71484375,5.407543229455803e-07,1.2852866599436168e-07,1.3677288255958493e-07,86.97864283547868,86.97864283547868,5.899787763643872,0.11485414207706768
1419.71875,5.495408738576243e-07,1.30016957803329e-07,1.3835663789717797e-07,86.42506799783521,86.42506799783521,5.864279802744392,0.07934618117758774
1419.72265625,5.546257129579105e-07,1.3212956341865753e-07,1.4092887984218748e-07,87.25698565776541,87.25698565776541,6.143957401202712,0.35902377963590837
1419.7265625,5.623413251903491e-07,1.333521432163324e-07,1.4125375446227541e-07,86.70133863935236,86.70133863935236,5.433645918125663,-0.351287703441141
1419.73046875,5.701642722807479e-07,1.333521432163324e-07,1.425607593602188e-07,85.05904285001405,85.05904285001405,6.219016326915877,0.43408270534907345
1419.734375,5.74116462207328e-07,1.3396766874259359e-07,1.432187899273544e-07,84.78886882313257,84.78886882313257,6.200359492120469,0.41542587055366553
1419.73828125,5.794286964268816e-07,1.361444682465951e-07,1.4421153515248695e-07,85.60240716800591,85.60240716800591,5.368530134733831,-0.4164034868329729
1419.7421875,5.861381645140284e-07,1.3677288255958493e-07,1.4487718535447616e-07,84.78886882313266,84.78886882313266,5.320324957225537,-0.4646086643412666
1419.74609375,5.888436553555896e-07,1.3645831365889254e-07,1.458814260275349e-07,83.98432115062322,83.98432115062322,6.144801549766441,0.35986792819963753
1419.75,5.997910762555094e-07,1.415793779957081e-07,1.5135612484362072e-07,86.14982587164995,86.14982587164995,6.294340216733062,0.5094065951662579
1419.75390625,6.025595860743574e-07,1.3995873225726177e-07,1.485935642287006e-07,84.25151277869605,84.25151277869605,5.506421811710723,-0.2785118098560808
1419.7578125,6.081350012787183e-07,1.4190575216890925e-07,1.510080154164148e-07,84.78886882313255,84.78886882313255,5.75932904926286,-0.025604572303944195
1419.76171875,6.180164001384151e-07,1.432187899273544e-07,1.5240527537972906e-07,83.98432115062342,83.98432115062342,5.707722933242778,-0.07721068832402622
1419.765625,6.251726927756862e-07,1.4487718535447616e-07,1.54170045294956e-07,83.98432115062316,83.98432115062316,5.707722933242849,-0.07721068832395517
1419.76953125,6.280583588133173e-07,1.4689262776438677e-07,1.56675107010815e-07,85.0590428500143,85.0590428500143,5.997582935520541,0.21264931395373665
1419.7734375,6.338697112569269e-07,1.485935642287006e-07,1.5812480392703843e-07,85.33022067107079,85.33022067107079,5.7940529907111085,0.009119369144304557
1419.77734375,6.412095765851616e-07,1.503141966090024e-07,1.599558028614668e-07,85.330220671071,85.330220671071,5.794052990710824,0.00911936914402034
1419.78125,6.441692655151775e-07,1.510080154164148e-07,1.6106456351782697e-07,85.33022067107078,85.33022067107078,6.015642326566564,0.23070870499975982
1419.78515625,6.501296903430902e-07,1.5240527537972906e-07,1.6180800376430679e-07,85.3302206710709,85.3302206710709,5.572973296185637,-0.21196032538116683
1419.7890625,6.531305526474723e-07,1.5310874616820304e-07,1.6255487557504835e-07,85.3302206710709,85.3302206710709,5.572973296185424,-0.21196032538138
1419.79296875,6.591738952443213e-07,1.545254439538414e-07,1.6405897731995388e-07,85.33022067107086,85.33022067107086,5.572973296185452,-0.21196032538135157
1419.796875,6.622165037017623e-07,1.545254439538414e-07,1.6405897731995388e-07,84.78886882313255,84.78886882313255,5.539574292286332,-0.24535932928047188
1419.80078125,6.652731562017413e-07,1.5631476426409537e-07,1.6595869074375615e-07,85.60240716800591,85.60240716800591,5.589765993775927,-0.1951676277908767
1419.8046875,6.698846094165265e-07,1.5703628043335533e-07,1.6672472125510626e-07,85.3302206710709,85.3302206710709,5.5729732961853955,-0.2119603253814084
1419.80859375,6.729766562843181e-07,1.5703628043335533e-07,1.671090614310707e-07,84.78886882313259,84.78886882313259,5.759329049262831,-0.025604572303972617
1419.8125,6.760829753919819e-07,1.57398286446622e-07,1.674942876026438e-07,84.51969373949431,84.51969373949431,5.7420633469675835,-0.04287027459922044
1419.81640625,6.807693586937411e-07,1.5776112696993466e-07,1.690440931643265e-07,83.98432115062316,83.98432115062316,6.364096825732759,0.5791632041659547
1419.8203125,6.870684400142325e-07,1.5958791472367336e-07,1.702158508394952e-07,84.25151277869605,84.25151277869605,5.943804564993968,0.15887094342716424
1419.82421875,6.854882264526614e-07,1.60324539069004e-07,1.702158508394952e-07,85.05904285001405,85.05904285001405,5.556242829415609,-0.2286907921511947
1419.828125,6.886522963442763e-07,1.60324539069004e-07,1.713957307508427e-07,84.51969373949416,84.51969373949416,6.181771639230291,0.39683801766348736
1419.83203125,6.934258060165695e-07,1.6180800376430679e-07,1.7258378919902025e-07,84.78886882313266,84.78886882313266,5.979590393272886,0.1946567717060823
1419.8359375,6.918309709189362e-07,1.6218100973589298e-07,1.7218685749860061e-07,85.3302206710709,85.3302206710709,5.572973296185424,-0.21196032538138
1419.83984375,6.98232404077172e-07,1.6255487557504835e-07,1.7298163592151034e-07,84.51969373949416,84.51969373949416,5.742063346967711,-0.04287027459909254
1419.84375,6.950243175887969e-07,1.6255487557504835e-07,1.7179083871575893e-07,85.05904285001407,85.05904285001407,5.116930496904033,-0.6680031246627713
1419.84765625,7.030723198838334e-07,1.6368165214278085e-07,1.7418068733916128e-07,84.51969373949429,84.51969373949429,5.742063346967527,-0.04287027459927728
1419.8515625,7.030723198838334e-07,1.6255487557504835e-07,1.7338039977541374e-07,83.71811409521214,83.71811409521214,5.908282281604585,0.12334866003778089
1419.85546875,7.014552984199713e-07,1.6405897731995388e-07,1.7418068733916128e-07,85.05904285001407,85.05904285001407,5.556242829415396,-0.22869079215140786
1419.859375,7.063175542629615e-07,1.6405897731995388e-07,1.7498466886246564e-07,84.25151277869607,84.25151277869607,5.94380456499394,0.1588709434271358
1419.86328125,7.07945784384138e-07,1.6405897731995388e-07,1.7458221529205038e-07,83.9843211506232,83.9843211506232,5.7077229332428345,-0.07721068832396938
1419.8671875,7.030723198838334e-07,1.6330519478943344e-07,1.7338039977541374e-07,84.25151277869605,84.25151277869605,5.506421811710695,-0.27851180985610924
1419.87109375,7.014552984199713e-07,1.6292960326397213e-07,1.7378008287493743e-07,84.25151277869594,84.25151277869594,5.94380456499394,0.1588709434271358
1419.875,7.07945784384138e-07,1.6330519478943344e-07,1.7498466886246564e-07,83.45288688221423,83.45288688221423,6.326089016076494,0.5411553945096905
1419.87890625,7.046930689671467e-07,1.6255487557504835e-07,1.7298163592151034e-07,83.45288688221423,83.45288688221423,5.673635135279355,-0.1112984862874491
1419.8828125,7.112135136533288e-07,1.6292960326397213e-07,1.7458221529205038e-07,82.66303743755601,82.66303743755601,6.269599532552334,0.48466591098553025
1419.88671875,7.063175542629615e-07,1.6368165214278085e-07,1.7538805018417602e-07,83.9843211506233,83.9843211506233,6.364096825732574,0.5791632041657699
1419.890625,7.112135136533288e-07,1.6481623915255085e-07,1.761976046411629e-07,83.9843211506233,83.9843211506233,6.144801549766484,0.35986792819968016
1419.89453125,7.095777679633887e-07,1.651961798229015e-07,1.7579236139586932e-07,84.51969373949431,84.51969373949431,5.742063346967598,-0.042870274599206226
1419.8984375,7.095777679633887e-07,1.6368165214278085e-07,1.7458221529205038e-07,83.45288688221426,83.45288688221426,5.890619177974216,0.10568555640741195
1419.90234375,7.112135136533288e-07,1.6481623915255085e-07,1.7579236139586932e-07,83.9843211506233,83.9843211506233,5.9260106389391325,0.14107701737232858
1419.90625,7.095777679633887e-07,1.6330519478943344e-07,1.7458221529205038e-07,83.18863481096275,83.18863481096275,6.089855525682097,0.3049219041152931
1419.91015625,7.095777679633887e-07,1.6481623915255085e-07,1.761976046411629e-07,84.25151277869607,84.25151277869607,6.163252435372343,0.37831881380553867
1419.9140625,7.07945784384138e-07,1.6405897731995388e-07,1.7579236139586932e-07,83.9843211506232,83.9843211506232,6.364096825732673,0.5791632041658694
1419.91796875,7.07945784384138e-07,1.6405897731995388e-07,1.7579236139586932e-07,83.9843211506232,83.9843211506232,6.364096825732673,0.5791632041658694
1419.921875,7.095777679633887e-07,1.6368165214278085e-07,1.7458221529205038e-07,83.45288688221426,83.45288688221426,5.890619177974216,0.10568555640741195
1419.92578125,7.095777679633887e-07,1.6330519478943344e-07,1.7458221529205038e-07,83.18863481096275,83.18863481096275,6.089855525682097,0.3049219041152931
1419.9296875,7.063175542629615e-07,1.6330519478943344e-07,1.7458221529205038e-07,83.71811409521223,83.71811409521223,6.126418653706864,0.34148503214006
1419.93359375,7.030723198838334e-07,1.6255487557504835e-07,1.7298163592151034e-07,83.71811409521214,83.71811409521214,5.690647609236265,-0.09428601233053868
1419.9375,7.046930689671467e-07,1.6218100973589298e-07,1.7378008287493743e-07,83.18863481096275,83.18863481096275,6.307189891533,0.5222562699661957
1419.94140625,7.046930689671467e-07,1.606941253012879e-07,1.7258378919902025e-07,82.14128495256313,82.14128495256313,6.447532464300934,0.6625988427341305
1419.9453125,7.014552984199713e-07,1.6218100973589298e-07,1.7298163592151034e-07,83.71811409521214,83.71811409521214,5.908282281604713,0.12334866003790879
1419.94921875,6.99841996002273e-07,1.6106456351782697e-07,1.7179083871575893e-07,83.18863481096275,83.18863481096275,5.87302101500191,0.08808739343510652
1419.953125,6.966265141107687e-07,1.60324539069004e-07,1.7100153150902864e-07,83.18863481096263,83.18863481096263,5.873021015001839,0.08808739343503547
1419.95703125,6.966265141107687e-07,1.599558028614668e-07,1.702158508394952e-07,82.92535321014147,82.92535321014147,5.639797533337642,-0.14513608822916169
1419.9609375,6.950243175887969e-07,1.584893192461114e-07,1.6982436524617427e-07,82.14128495256297,82.14128495256297,6.232284157319469,0.4473505357526655
1419.96484375,6.918309709189362e-07,1.584893192461114e-07,1.6943378004473287e-07,82.66303743755613,82.66303743755613,6.053560462541768,0.2686268409749637
1419.96875,6.886522963442763e-07,1.57398286446622e-07,1.671090614310707e-07,82.4016828799065,82.4016828799065,5.392295525382011,-0.3926380961847933
1419.97265625,6.870684400142325e-07,1.57398286446622e-07,1.6788040181225607e-07,82.66303743755601,82.66303743755601,5.838018268604117,0.05308464703731275
1419.9765625,6.839116472814293e-07,1.5631476426409537e-07,1.6634126503701698e-07,82.40168287990647,82.40168287990647,5.606207737801782,-0.17872588376502208
1419.98046875,6.807693586937411e-07,1.548816618912481e-07,1.6557699634695275e-07,81.88183909934284,81.88183909934284,5.999614905647519,0.21468128408071507
1419.984375,6.776415076106751e-07,1.538154640303034e-07,1.6443717232149307e-07,81.62334079229002,81.62334079229002,5.981764336274722,0.19683071470791802
1419.98828125,6.745280276979216e-07,1.5240527537972906e-07,1.6330519478943344e-07,81.10916884468729,81.10916884468729,6.158467930359819,0.3735343087930154
1419.9921875,6.683439175686149e-07,1.5135612484362072e-07,1.6218100973589298e-07,81.36578553145685,81.36578553145685,6.176820977509948,0.39188735594314394
1419.99609375,6.637430704019089e-07,1.4962356560944328e-07,1.5958791472367336e-07,80.85348628740182,80.85348628740182,5.717509180836188,-0.06742444073061549
1420.0,6.776415076106751e-07,1.57398286446622e-07,1.671090614310707e-07,84.25151277869607,84.25151277869607,5.5064218117106805,-0.27851180985612345
1420.00390625,6.606934480075957e-07,1.4927944095789974e-07,1.5922087270511716e-07,81.1091688446874,81.1091688446874,5.734536647417556,-0.0503969741492476
1420.0078125,6.606934480075957e-07,1.4927944095789974e-07,1.60324539069004e-07,81.1091688446874,81.1091688446874,6.371166800011295,0.5862331784444912
1420.01171875,6.622165037017623e-07,1.4996848355023725e-07,1.6106456351782697e-07,81.36578553145685,81.36578553145685,6.390153717862461,0.6052200962956569
1420.015625,6.606934480075957e-07,1.5066070661867418e-07,1.606941253012879e-07,82.141284952563,82.141284952563,5.803271576861448,0.018337955294644104
1420.01953125,6.606934480075957e-07,1.503141966090024e-07,1.6106456351782697e-07,81.88183909934298,81.88183909934298,6.213728770150368,0.42879514858356416
1420.0234375,6.637430704019089e-07,1.5066070661867418e-07,1.6143585568264852e-07,81.62334079229007,81.62334079229007,6.195241150824927,0.4103075292581231
1420.02734375,6.622165037017623e-07,1.5170503674593368e-07,1.6180800376430679e-07,82.66303743755601,82.66303743755601,5.838018268604216,0.053084647037412225
1420.03125,6.576578373554205e-07,1.503141966090024e-07,1.606941253012879e-07,82.40168287990663,82.40168287990663,6.035512655128983,0.2505790335621789
1420.03515625,6.591738952443213e-07,1.5170503674593368e-07,1.6106456351782697e-07,83.18863481096275,83.18863481096275,5.440846963257144,-0.34408665830966
1420.0390625,6.576578373554205e-07,1.510080154164148e-07,1.6106456351782697e-07,82.92535321014147,82.92535321014147,5.855487481595802,0.07055386002899766
1420.04296875,6.576578373554205e-07,1.510080154164148e-07,1.60324539069004e-07,82.92535321014147,82.92535321014147,5.4246036581943,-0.36032996337250367
1420.046875,6.591738952443213e-07,1.5066070661867418e-07,1.60324539069004e-07,82.4016828799065,82.4016828799065,5.606207737801654,-0.17872588376514997
1420.05078125,6.531305526474723e-07,1.5066070661867418e-07,1.60324539069004e-07,83.45288688221423,83.45288688221423,5.673635135279156,-0.11129848628764805
1420.0546875,6.516283940608428e-07,1.5135612484362072e-07,1.60324539069004e-07,84.25151277869594,84.25151277869594,5.288484609846108,-0.49644901172069567
1420.05859375,6.516283940608428e-07,1.4962356560944328e-07,1.5922087270511716e-07,82.92535321014145,82.92535321014145,5.639797533337656,-0.14513608822914748
1420.0625,6.516283940608428e-07,1.4962356560944328e-07,1.60324539069004e-07,82.92535321014145,82.92535321014145,6.28836017436042,0.5034265527936164
1420.06640625,6.471426157485831e-07,1.4962356560944328e-07,1.599558028614668e-07,83.71811409521212,83.71811409521212,6.126418653706864,0.34148503214006
1420.0703125,6.456542290346556e-07,1.4962356560944328e-07,1.60324539069004e-07,83.98432115062316,83.98432115062316,6.364096825732574,0.5791632041657699
1420.07421875,6.441692655151775e-07,1.503141966090024e-07,1.5958791472367336e-07,84.78886882313266,84.78886882313266,5.539574292286318,-0.2453593292804861
1420.078125,6.441692655151775e-07,1.4893610777109138e-07,1.5922087270511716e-07,83.71811409521199,83.71811409521199,6.126418653707049,0.3414850321402447
1420.08203125,6.426877173170195e-07,1.4927944095789974e-07,1.5958791472367336e-07,84.25151277869618,84.25151277869618,6.163252435372328,0.37831881380552446
1420.0859375,6.412095765851616e-07,1.4927944095789974e-07,1.5885467485977776e-07,84.51969373949441,84.51969373949441,5.742063346967427,-0.042870274599376756
1420.08984375,6.397348354826482e-07,1.485935642287006e-07,1.584893192461114e-07,84.25151277869595,84.25151277869595,5.943804564994025,0.15887094342722108
1420.09375,6.367955209079156e-07,1.4723125024327192e-07,1.5776112696993466e-07,83.71811409521223,83.71811409521223,6.345057882080127,0.560124260513323
1420.09765625,6.353309318517436e-07,1.4825180851459545e-07,1.57398286446622e-07,84.78886882313269,84.78886882313269,5.539574292286332,-0.24535932928047188
1420.1015625,6.382634861905488e-07,1.4689262776438677e-07,1.5703628043335533e-07,83.18863481096277,83.18863481096277,6.089855525682111,0.3049219041153073
1420.10546875,6.353309318517436e-07,1.4723125024327192e-07,1.5703628043335533e-07,83.98432115062329,83.98432115062329,5.9260106389391325,0.14107701737232858
1420.109375,6.338697112569269e-07,1.4791083881682087e-07,1.57398286446622e-07,84.78886882313269,84.78886882313269,5.759329049262874,-0.025604572303929984
1420.11328125,6.30957344480193e-07,1.4689262776438677e-07,1.56675107010815e-07,84.51969373949441,84.51969373949441,5.9616643767709405,0.1767307552041366
1420.1171875,6.30957344480193e-07,1.458814260275349e-07,1.559552502826954e-07,83.71811409521226,83.71811409521226,6.126418653706864,0.34148503214006
1420.12109375,6.280583588133173e-07,1.4487718535447616e-07,1.5523870099580817e-07,83.45288688221434,83.45288688221434,6.326089016076523,0.541155394509719
1420.125,6.683439175686149e-07,1.8663796908346694e-07,1.9543394557753924e-07,109.2983620043885,109.2983620043885,5.38671584586281,-0.3982177757039942
1420.12890625,6.280583588133173e-07,1.452111617587742e-07,1.548816618912481e-07,83.71811409521223,83.71811409521223,5.908282281604613,0.12334866003780931
1420.1328125,6.251726927756862e-07,1.4487718535447616e-07,1.548816618912481e-07,83.98432115062316,83.98432115062316,6.14480154976647,0.35986792819966595
1420.13671875,6.280583588133173e-07,1.4554590805819668e-07,1.559552502826954e-07,83.9843211506234,83.9843211506234,6.364096825732602,0.5791632041657984
1420.140625,6.29506182857198e-07,1.4621771744567184e-07,1.5631476426409537e-07,84.25151277869595,84.25151277869595,6.163252435372314,0.37831881380551025
1420.14453125,6.29506182857198e-07,1.4554590805819668e-07,1.559552502826954e-07,83.71811409521214,83.71811409521214,6.345057882080241,0.5601242605134367
1420.1484375,6.280583588133173e-07,1.4554590805819668e-07,1.5523870099580817e-07,83.9843211506234,83.9843211506234,5.926010638939019,0.1410770173722149
1420.15234375,6.26613864672335e-07,1.458814260275349e-07,1.5703628043335533e-07,84.51969373949441,84.51969373949441,6.845142505867841,1.060208884301037
1420.15625,6.237348354824198e-07,1.4421153515248695e-07,1.545254439538414e-07,83.71811409521212,83.71811409521212,6.345057882080241,0.5601242605134367
1420.16015625,6.251726927756862e-07,1.458814260275349e-07,1.559552502826954e-07,84.78886882313255,84.78886882313255,6.200359492120484,0.41542587055367974
1420.1640625,6.237348354824198e-07,1.452111617587742e-07,1.5523870099580817e-07,84.51969373949416,84.51969373949416,6.181771639230092,0.3968380176632884
1420.16796875,6.26613864672335e-07,1.4621771744567184e-07,1.5631476426409537e-07,84.78886882313266,84.78886882313266,6.200359492120484,0.41542587055367974
1420.171875,6.251726927756862e-07,1.4554590805819668e-07,1.559552502826954e-07,84.51969373949429,84.51969373949429,6.402386301331902,0.6174526797650977
1420.17578125,6.237348354824198e-07,1.452111617587742e-07,1.559552502826954e-07,84.51969373949416,84.51969373949416,6.623509532753445,0.8385759111866413
1420.1796875,6.251726927756862e-07,1.458814260275349e-07,1.555965631605075e-07,84.78886882313255,84.78886882313255,5.9795903932730425,0.19465677170623863
1420.18359375,6.26613864672335e-07,1.4487718535447616e-07,1.5631476426409537e-07,83.71811409521223,83.71811409521223,7.004004310228964,1.2190706886621605
1420.1875,6.26613864672335e-07,1.452111617587742e-07,1.548816618912481e-07,83.98432115062329,83.98432115062329,5.926010638939104,0.14107701737230016
1420.19140625,6.251726927756862e-07,1.4487718535447616e-07,1.559552502826954e-07,83.98432115062316,83.98432115062316,6.804205126488256,1.019271504921452
1420.1953125,6.251726927756862e-07,1.4621771744567184e-07,1.5776112696993466e-07,85.05904285001407,85.05904285001407,7.109866240164166,1.3249326185973622
1420.19921875,6.26613864672335e-07,1.4554590805819668e-07,1.5812480392703843e-07,84.25151277869618,84.25151277869618,7.713617650665313,1.928684029098509
1420.203125,6.280583588133173e-07,1.4554590805819668e-07,1.5703628043335533e-07,83.9843211506234,83.9843211506234,7.025020484688142,1.2400868631213378
1420.20703125,6.29506182857198e-07,1.4689262776438677e-07,1.5885467485977776e-07,84.78886882313257,84.78886882313257,7.311862370839805,1.5269287492730008
1420.2109375,6.29506182857198e-07,1.4621771744567184e-07,1.584893192461114e-07,84.25151277869595,84.25151277869595,7.490604039239997,1.7056704176731934
1420.21484375,6.26613864672335e-07,1.4723125024327192e-07,1.584893192461114e-07,85.60240716800604,85.60240716800604,6.927932419478864,1.1429987979120604
1420.21875,6.30957344480193e-07,1.4621771744567184e-07,1.5885467485977776e-07,83.9843211506233,83.9843211506233,7.6905254475837665,1.9055918260169626
1420.22265625,6.30957344480193e-07,1.4723125024327192e-07,1.5885467485977776e-07,84.78886882313266,84.78886882313266,7.088536886310294,1.30360326474349
1420.2265625,6.30957344480193e-07,1.4723125024327192e-07,1.5922087270511716e-07,84.78886882313266,84.78886882313266,7.311862370840004,1.5269287492731998
1420.23046875,6.324118513762197e-07,1.4621771744567184e-07,1.5922087270511716e-07,83.71811409521212,83.71811409521212,7.889710166853504,2.1047765452867004
1420.234375,6.29506182857198e-07,1.458814260275349e-07,1.5922087270511716e-07,83.9843211506232,83.9843211506232,8.136756264677231,2.3518226431104274
1420.23828125,6.338697112569269e-07,1.4621771744567184e-07,1.5958791472367336e-07,83.45288688221426,83.45288688221426,8.088161736373522,2.3032281148067177
1420.2421875,6.30957344480193e-07,1.4554590805819668e-07,1.5922087270511716e-07,83.45288688221434,83.45288688221434,8.310711837729457,2.525778216162653
1420.24609375,6.29506182857198e-07,1.4554590805819668e-07,1.5922087270511716e-07,83.71811409521214,83.71811409521214,8.3356316228992,2.550698001332396
1420.25,6.382634861905488e-07,1.4927944095789974e-07,1.6330519478943344e-07,85.05904285001418,85.05904285001418,8.46162041613006,2.676686794563256
1420.25390625,6.29506182857198e-07,1.4621771744567184e-07,1.60324539069004e-07,84.25151277869595,84.25151277869595,8.610824955938924,2.8258913343721197
1420.2578125,6.338697112569269e-07,1.4825180851459545e-07,1.6255487557504835e-07,85.05904285001421,85.17976949645754,8.59896750986637,2.8140338882995657
1420.26171875,6.382634861905488e-07,1.4962356560944328e-07,1.6405897731995388e-07,85.33022067107078,85.18936458182588,8.819547247028424,3.0346136254616205
1420.265625,6.397348354826482e-07,1.510080154164148e-07,1.6595869074375615e-07,86.14982587164992,85.19895966719469,9.728559480632754,3.94362585906595
1420.26953125,6.441692655151775e-07,1.5275660582380732e-07,1.671090614310707e-07,86.70133863935239,85.20855475256349,9.721453532507994,3.9365199109411897
1420.2734375,6.471426157485831e-07,1.5523870099580817e-07,1.6865530253887424e-07,88.09829708669761,85.21814983793229,10.175615034481169,4.390681412914365
1420.27734375,6.441692655151775e-07,1.5703628043335533e-07,1.7100153150902864e-07,90.09867766408519,85.22774492330109,12.03502650676775,6.250092885200946
1420.28125,6.441692655151775e-07,1.5776112696993466e-07,1.713957307508427e-07,90.68000361861111,85.23734000866989,12.263724444460422,6.478790822893618
1420.28515625,6.471426157485831e-07,1.606941253012879e-07,1.7418068733916128e-07,92.45074328484539,85.24693509403869,13.44361829713911,7.658684675572307
1420.2890625,6.516283940608428e-07,1.6292960326397213e-07,1.7538805018417602e-07,93.35144646971276,85.25653017940749,13.436605762391977,7.651672140825173
1420.29296875,6.531305526474723e-07,1.651961798229015e-07,1.7741894808901663e-07,94.87587626928075,85.26612526477584,14.389077897495596,8.604144275928792
1420.296875,6.516283940608428e-07,1.6557699634695275e-07,1.7782794100389227e-07,95.49392749839055,85.27572035014464,14.865167758946185,9.080234137379382
1420.30078125,6.576578373554205e-07,1.6865530253887424e-07,1.8030177408595698e-07,96.7444915037778,85.28531543551344,15.343511526595677,9.558577905028873
1420.3046875,6.576578373554205e-07,1.7100153150902864e-07,1.8238957023196385e-07,98.65724473132798,85.29491052088224,16.559701635877246,10.774768014310443
1420.30859375,6.606934480075957e-07,1.7218685749860061e-07,1.8450154191794718e-07,98.98042513441149,85.30450560625104,17.293466806922268,11.508533185355464
1420.3125,6.561452663029056e-07,1.7378008287493743e-07,1.8535316234148105e-07,101.27865818131129,85.31410069161984,18.532508018021204,12.7475743964544
1420.31640625,6.606934480075957e-07,1.7660378206861638e-07,1.8836490894898002e-07,102.62079708763898,85.32369577698864,19.532793779242752,13.747860157675948
1420.3203125,6.668067692136219e-07,1.782378767448089e-07,1.9275249131909368e-07,102.62079708763895,85.33329086235699,21.054228327793055,15.269294706226251
1420.32421875,6.637430704019089e-07,1.7864875748520516e-07,1.9498445997580455e-07,103.64151991653002,85.34288594772579,22.857353531293057,17.072419909726253
1420.328125,6.652731562017413e-07,1.7864875748520516e-07,1.976969640111862e-07,103.29992001456267,85.35248103309459,24.161406780107427,18.376473158540623
1420.33203125,6.683439175686149e-07,1.7947336268325267e-07,2.0183663636815597e-07,103.29992001456255,85.36207611846339,26.01541035670111,20.230476735134307
1420.3359375,6.683439175686149e-07,1.782378767448089e-07,2.046444636724674e-07,102.28325966221114,85.3716712038322,27.627725356807815,21.84279173524101
1420.33984375,6.729766562843181e-07,1.7906058540352948e-07,2.079696687103696e-07,101.947062078469,85.381266289201,28.71293040978111,22.927996788214305
1420.34375,6.729766562843181e-07,1.761976046411629e-07,2.0989398836235243e-07,99.63060629714302,85.3908613745698,29.808292960043758,24.023359338476954
1420.34765625,6.807693586937411e-07,1.7701089583174203e-07,2.157744409152669e-07,98.65724473132812,85.4004564599386,31.75481824381471,25.969884622247907
1420.3515625,6.792036326171844e-07,1.7498466886246564e-07,2.187761623949552e-07,97.37710404628605,85.41005154530694,33.73317734264586,27.948243721079056
1420.35546875,6.776415076106751e-07,1.7418068733916128e-07,2.223309890651403e-07,97.0601816390436,85.41964663067574,36.03472530217056,30.249791680603753
1420.359375,6.839116472814293e-07,1.7338039977541374e-07,2.2594357702209782e-07,95.18430445463457,85.42924171604454,36.90483997185268,31.119906350285877
1420.36328125,6.823386941416697e-07,1.7179083871575893e-07,2.2855988033754323e-07,94.26258015298464,85.43883680141334,38.669852436254445,32.88491881468764
1420.3671875,6.854882264526614e-07,1.6982436524617427e-07,2.3014418174085066e-07,92.15279955901468,85.44843188678215,38.96110504857404,33.17617142700723
1420.37109375,6.854882264526614e-07,1.690440931643265e-07,2.328091257665008e-07,91.56031363151261,85.45802697215095,40.453260510426844,34.66832688886004
1420.375,6.870684400142325e-07,1.6826740610704672e-07,2.376840286624876e-07,90.68000361861124,85.46762205751975,42.88080728917325,37.09587366760644
1420.37890625,6.854882264526614e-07,1.6595869074375615e-07,2.3823194693586916e-07,89.23489985531707,85.47721714288855,43.49005522676018,37.70512160519337
1420.3828125,6.886522963442763e-07,1.6634126503701698e-07,2.41546083444494e-07,88.94914188027798,85.4868122282569,44.72340954480586,38.938475923239054
1420.38671875,6.918309709189362e-07,1.671090614310707e-07,2.454708915685029e-07,88.949141880278,85.4964073136257,46.2828795026887,40.49794588112189
1420.390625,6.966265141107687e-07,1.6788040181225607e-07,2.4717241450161294e-07,88.6644589580557,85.5060023989945,46.27668888207958,40.491755260512775
1420.39453125,6.966265141107687e-07,1.6672472125510626e-07,2.48885731828239e-07,87.81680762996268,85.5155974843633,47.21865418071175,41.433720559144945
1420.3984375,6.966265141107687e-07,1.6595869074375615e-07,2.494594726942954e-07,87.25698565776541,85.5251925697321,47.53000530279658,41.745071681229774
1420.40234375,6.966265141107687e-07,1.6557699634695275e-07,2.523480772480576e-07,86.9786428354784,85.5347876551009,49.12248981902812,43.33755619746131
1420.40625,6.99841996002273e-07,1.6405897731995388e-07,2.494594726942954e-07,85.3302206710709,85.5443827404697,46.88334947349247,41.098415851925665
1420.41015625,7.014552984199713e-07,1.6557699634695275e-07,2.5118864315095796e-07,86.14982587164992,85.55397782583805,47.51152794434324,41.726594322776435
1420.4140625,7.030723198838334e-07,1.651961798229015e-07,2.506109253032114e-07,85.60240716800593,85.56357291120685,46.87099966086521,41.0860660392984
1420.41796875,6.99841996002273e-07,1.651961798229015e-07,2.494594726942954e-07,86.14982587165005,85.57316799657565,46.86482475455148,41.07989113298467
1420.421875,7.046930689671467e-07,1.6443717232149307e-07,2.48885731828239e-07,84.78886882313255,85.58276308194445,45.59857940047783,39.813645778911024
1420.42578125,7.063175542629615e-07,1.6595869074375615e-07,2.466039337234341e-07,85.60240716800607,85.59235816731325,44.03347940935464,38.24854578778783
1420.4296875,7.030723198838334e-07,1.6557699634695275e-07,2.443430552693974e-07,85.87560725353829,85.60195325268205,43.408669425757665,37.62373580419086
1420.43359375,7.063175542629615e-07,1.6330519478943344e-07,2.4099054286865955e-07,83.71811409521223,85.61154833805085,40.956378594448864,35.17144497288206
1420.4375,7.046930689671467e-07,1.6405897731995388e-07,2.3659196974857587e-07,84.51969373949429,84.51969373949429,39.57803086603518,33.79309724446837
1420.44140625,7.046930689671467e-07,1.6292960326397213e-07,2.3334580622810022e-07,83.71811409521212,83.71811409521212,38.34289535832032,32.55796173675351
1420.4453125,7.07945784384138e-07,1.6443717232149307e-07,2.328091257665008e-07,84.25151277869595,84.25151277869595,37.11022386514183,31.32529024357503
1420.44921875,7.063175542629615e-07,1.6292960326397213e-07,2.2855988033754323e-07,83.45288688221423,83.45288688221423,35.63003504422474,29.845101422657937
1420.453125,7.046930689671467e-07,1.6255487557504835e-07,2.2542392121524303e-07,83.45288688221423,83.45288688221423,34.20966958224224,28.424735960675438
1420.45703125,7.030723198838334e-07,1.6180800376430679e-07,2.223309890651403e-07,83.18863481096288,83.18863481096288,32.98625113834984,27.20131751678304
1420.4609375,7.030723198838334e-07,1.6180800376430679e-07,2.187761623949552e-07,83.18863481096288,83.18863481096288,31.048798702499568,25.263865080932764
1420.46484375,6.99841996002273e-07,1.6143585568264852e-07,2.157744409152669e-07,83.45288688221423,83.45288688221423,29.77284515014314,23.987911528576337
1420.46875,7.014552984199713e-07,1.599558028614668e-07,2.1134890398366475e-07,82.14128495256287,82.14128495256287,27.99811441266685,22.213180791100047
1420.47265625,7.014552984199713e-07,1.6180800376430679e-07,2.0941124558508934e-07,83.45288688221437,83.45288688221437,26.02247148499339,20.237537863426585
1420.4765625,6.99841996002273e-07,1.599558028614668e-07,2.0606299132700006e-07,82.4016828799065,82.4016828799065,25.193495907358596,19.408562285791792
1420.48046875,6.99841996002273e-07,1.60324539069004e-07,2.037042077705719e-07,82.66303743755601,82.66303743755601,23.71934791452975,17.934414292962945
1420.484375,6.966265141107687e-07,1.5812480392703843e-07,1.9998618696327426e-07,81.62334079229016,81.62334079229016,22.932346847099524,17.14741322553272
1420.48828125,6.966265141107687e-07,1.5812480392703843e-07,1.9815270258050968e-07,81.62334079229016,81.62334079229016,21.927934265510856,16.143000643944053
1420.4921875,6.918309709189362e-07,1.5703628043335533e-07,1.9498445997580455e-07,81.6233407922902,81.6233407922902,20.932730193820703,15.147796572253899
1420.49609375,6.902398038402419e-07,1.5631476426409537e-07,1.9275249131909368e-07,81.36578553145695,81.36578553145695,20.13228203299407,14.347348411427266
1420.5,6.886522963442763e-07,1.555965631605075e-07,1.8967059212111463e-07,81.10916884468726,81.10916884468726,18.857012349051644,13.07207872748484
1420.50390625,6.886522963442763e-07,1.555965631605075e-07,1.8967059212111463e-07,81.10916884468726,81.10916884468726,18.857012349051644,13.07207872748484
1420.5078125,6.902398038402419e-07,1.5631476426409537e-07,1.8879913490962924e-07,81.36578553145695,81.36578553145695,17.948005113301704,12.1630714917349
1420.51171875,6.934258060165695e-07,1.5776112696993466e-07,1.8836490894898002e-07,81.88183909934261,81.88183909934261,16.85404327925157,11.069109657684766
1420.515625,6.950243175887969e-07,1.57398286446622e-07,1.8663796908346694e-07,81.36578553145696,81.36578553145696,16.044063862652138,10.259130241085334
1420.51953125,6.950243175887969e-07,1.5776112696993466e-07,1.8793168168032686e-07,81.62334079228992,81.62334079228992,16.56602163515727,10.781088013590466
1420.5234375,6.950243175887969e-07,1.5885467485977776e-07,1.8706821403657996e-07,82.40168287990639,82.40168287990639,15.523060975242686,9.738127353675882
1420.52734375,6.918309709189362e-07,1.5958791472367336e-07,1.8706821403657996e-07,83.45288688221437,83.45288688221437,15.23117719047022,9.446243568903416
1420.53125,6.934258060165695e-07,1.5812480392703843e-07,1.8450154191794718e-07,82.14128495256297,82.14128495256297,14.536004373137075,8.751070751570271
1420.53515625,6.950243175887969e-07,1.5958791472367336e-07,1.857804455091697e-07,82.92535321014158,82.92535321014158,14.430839106895377,8.645905485328573
1420.5390625,6.966265141107687e-07,1.5922087270511716e-07,1.8450154191794718e-07,82.4016828799066,82.4016828799066,13.877408131180133,8.092474509613329
1420.54296875,6.934258060165695e-07,1.5958791472367336e-07,1.8365383433483474e-07,83.18863481096275,83.18863481096275,13.298880429971973,7.513946808405169
1420.546875,6.950243175887969e-07,1.5922087270511716e-07,1.828100216142741e-07,82.66303743755613,82.66303743755613,12.987596467790581,7.202662846223777
1420.55078125,6.918309709189362e-07,1.5885467485977776e-07,1.8238957023196385e-07,82.9253532101415,82.9253532101415,13.026459499475123,7.24152587790832
1420.5546875,6.950243175887969e-07,1.5958791472367336e-07,1.828100216142741e-07,82.92535321014158,82.92535321014158,12.794276773245201,7.009343151678397
1420.55859375,6.934258060165695e-07,1.5885467485977776e-07,1.8155156627731371e-07,82.66303743755589,82.66303743755589,12.52514881169158,6.7402151901247755
1420.5625,6.886522963442763e-07,1.584893192461114e-07,1.8030177408595698e-07,83.18863481096275,83.18863481096275,12.137162449506533,6.352228827939729
1420.56640625,6.870684400142325e-07,1.584893192461114e-07,1.8030177408595698e-07,83.45288688221423,83.45288688221423,12.17353074484609,6.388597123279286
1420.5703125,6.870684400142325e-07,1.5958791472367336e-07,1.8113400926196026e-07,84.25151277869605,84.25151277869605,12.049919540239742,6.264985918672938
1420.57421875,6.870684400142325e-07,1.5922087270511716e-07,1.8071741260109275e-07,83.98432115062329,83.98432115062329,12.013845780592803,6.228912159025999
1420.578125,6.870684400142325e-07,1.5922087270511716e-07,1.7947336268325267e-07,83.98432115062329,83.98432115062329,11.318579289863862,5.5336456682970585
1420.58203125,6.870684400142325e-07,1.584893192461114e-07,1.7906058540352948e-07,83.45288688221423,83.45288688221423,11.480823358326504,5.6958897367597
1420.5859375,6.839116472814293e-07,1.584893192461114e-07,1.782378767448089e-07,83.98432115062329,83.98432115062329,11.087889020437956,5.302955398871152
1420.58984375,6.807693586937411e-07,1.5812480392703843e-07,1.7864875748520516e-07,84.25151277869618,84.25151277869618,11.584481737041742,5.799548115474938
1420.59375,6.792036326171844e-07,1.56675107010815e-07,1.7579236139586932e-07,83.45288688221434,83.45288688221434,10.792884535914183,5.007950914347379
1420.59765625,6.807693586937411e-07,1.56675107010815e-07,1.7741894808901663e-07,83.18863481096287,83.18863481096287,11.676207282219337,5.8912736606525336
1420.6015625,6.776415076106751e-07,1.5631476426409537e-07,1.7579236139586932e-07,83.45288688221422,83.45288688221422,11.021669667257854,5.23673604569105
1420.60546875,6.792036326171844e-07,1.56675107010815e-07,1.761976046411629e-07,83.45288688221434,83.45288688221434,11.021669667257726,5.236736045690922
1420.609375,6.745280276979216e-07,1.5631476426409537e-07,1.7538805018417602e-07,83.98432115062329,83.98432115062329,10.857729323908515,5.072795702341711
1420.61328125,6.714288529259523e-07,1.5523870099580817e-07,1.7498466886246564e-07,83.71811409521214,83.71811409521214,11.284718429599678,5.499784808032874
1420.6171875,6.714288529259523e-07,1.54170045294956e-07,1.7338039977541374e-07,82.92535321014158,82.92535321014158,10.955936347782426,5.171002726215622
1420.62109375,6.668067692136219e-07,1.5275660582380732e-07,1.7218685749860061e-07,82.66303743755613,82.66303743755613,11.150515362675577,5.365581741108773
1420.625,6.683439175686149e-07,1.534616982799294e-07,1.7338039977541374e-07,82.92535321014145,82.92535321014145,11.412351642839113,5.627418021272309
1420.62890625,6.652731562017413e-07,1.5240527537972906e-07,1.7179083871575893e-07,82.66303743755601,82.66303743755601,11.150515362675762,5.365581741108958
1420.6328125,6.637430704019089e-07,1.5240527537972906e-07,1.7100153150902864e-07,82.92535321014147,82.92535321014147,10.728515692655591,4.943582071088787
1420.63671875,6.622165037017623e-07,1.5275660582380732e-07,1.7218685749860061e-07,83.45288688221423,83.45288688221423,11.25098220279773,5.466048581230925
1420.640625,6.622165037017623e-07,1.5240527537972906e-07,1.7258378919902025e-07,83.18863481096263,83.18863481096263,11.676207282219309,5.891273660652505
1420.64453125,6.606934480075957e-07,1.5170503674593368e-07,1.7179083871575893e-07,82.92535321014158,82.92535321014158,11.641348702637458,5.856415081070654
1420.6484375,6.576578373554205e-07,1.510080154164148e-07,1.7179083871575893e-07,82.92535321014147,82.92535321014147,12.100927717378354,6.315994095811551
1420.65234375,6.546361740672747e-07,1.5205475297324956e-07,1.7179083871575893e-07,84.25151277869607,84.25151277869607,11.584481737041841,5.799548115475037
1420.65625,6.516283940608428e-07,1.4962356560944328e-07,1.702158508394952e-07,82.92535321014145,82.92535321014145,12.100927717378369,6.315994095811565
1420.66015625,6.531305526474723e-07,1.510080154164148e-07,1.7218685749860061e-07,83.71811409521214,83.71811409521214,12.442696654681,6.657763033114197
1420.6640625,6.501296903430902e-07,1.4962356560944328e-07,1.7100153150902864e-07,83.18863481096277,83.18863481096277,12.600245289173614,6.81531166760681
1420.66796875,6.486344335482388e-07,1.503141966090024e-07,1.7218685749860061e-07,83.9843211506233,83.9843211506233,12.948370313161234,7.1634366915944305
1420.671875,6.486344335482388e-07,1.4962356560944328e-07,1.7060823890031244e-07,83.4528868822141,83.4528868822141,12.405498594402715,6.620564972835911
1420.67578125,6.441692655151775e-07,1.4893610777109138e-07,1.7100153150902864e-07,83.71811409521199,83.71811409521199,13.143909895579341,7.358976274012537
1420.6796875,6.441692655151775e-07,1.485935642287006e-07,1.7100153150902864e-07,83.45288688221413,83.45288688221413,13.338729745096046,7.553796123529242
1420.68359375,6.412095765851616e-07,1.4723125024327192e-07,1.7060823890031244e-07,82.92535321014155,82.92535321014155,13.96055512171192,8.175621500145116
1420.6875,6.397348354826482e-07,1.4621771744567184e-07,1.6982436524617427e-07,82.4016828799065,82.4016828799065,14.110880548274011,8.325946926707207
1420.69140625,6.412095765851616e-07,1.46554784095591e-07,1.7060823890031244e-07,82.40168287990637,82.40168287990637,14.344891174874107,8.559957553307303
1420.6953125,6.367955209079156e-07,1.475706533275893e-07,1.7179083871575893e-07,83.98432115062316,83.98432115062316,14.60464331023995,8.819709688673147
1420.69921875,6.367955209079156e-07,1.4689262776438677e-07,1.7100153150902864e-07,83.45288688221434,83.45288688221434,14.517421113873041,8.732487492306237
1420.703125,6.338697112569269e-07,1.4554590805819668e-07,1.7060823890031244e-07,82.92535321014158,82.92535321014158,15.14033833696881,9.355404715402006
1420.70703125,6.30957344480193e-07,1.46554784095591e-07,1.7218685749860061e-07,84.25151277869595,84.25151277869595,15.609871359648153,9.82493773808135
1420.7109375,6.324118513762197e-07,1.4554590805819668e-07,1.7258378919902025e-07,83.18863481096275,83.18863481096275,16.38269229140326,10.597758669836455
1420.71484375,6.26613864672335e-07,1.452111617587742e-07,1.7258378919902025e-07,83.98432115062329,83.98432115062329,16.773742743863423,10.988809122296619
1420.71875,6.29506182857198e-07,1.4421153515248695e-07,1.7179083871575893e-07,82.66303743755604,82.66303743755604,16.764855309337165,10.97992168777036
1420.72265625,6.29506182857198e-07,1.4487718535447616e-07,1.7298163592151034e-07,83.18863481096264,83.18863481096264,17.10754610227079,11.322612480703985
1420.7265625,6.251726927756862e-07,1.432187899273544e-07,1.7179083871575893e-07,82.66303743755601,82.66303743755601,17.48871488075038,11.703781259183575
1420.73046875,6.251726927756862e-07,1.4223287871228198e-07,1.713957307508427e-07,81.88183909934274,81.88183909934274,17.813899580965042,12.028965959398239
1420.734375,6.194410750767818e-07,1.415793779957081e-07,1.702158508394952e-07,82.40168287990639,82.40168287990639,17.67825197231481,11.893318350748007
1420.73828125,6.180164001384151e-07,1.4092887984218748e-07,1.702158508394952e-07,82.14128495256313,82.14128495256313,18.10916462212498,12.324231000558175
1420.7421875,6.165950018614823e-07,1.3995873225726177e-07,1.6982436524617427e-07,81.62334079229002,81.62334079229002,18.484455115102676,12.699521493535872
1420.74609375,6.095368972401694e-07,1.3899526312133526e-07,1.6788040181225607e-07,82.14128495256287,82.14128495256287,18.109164622124908,12.324231000558104
1420.75,6.151768727098684e-07,1.415793779957081e-07,1.7100153150902864e-07,83.18863481096264,83.18863481096264,18.326818412897424,12.54188479133062
1420.75390625,6.081350012787183e-07,1.3835663789717797e-07,1.674942876026438e-07,81.88183909934263,81.88183909934263,18.297153153755033,12.51221953218823
1420.7578125,6.095368972401694e-07,1.3867558288718896e-07,1.6865530253887424e-07,81.88183909934287,81.88183909934287,18.782637323688164,12.99770370212136
1420.76171875,6.109420249055721e-07,1.3867558288718896e-07,1.690440931643265e-07,81.62334079229016,81.62334079229016,18.969610657635613,13.184677036068809
1420.765625,6.109420249055721e-07,1.3899526312133526e-07,1.6865530253887424e-07,81.88183909934276,81.88183909934276,18.539615771691984,12.75468215012518
1420.76953125,6.123503917247734e-07,1.3963683610559392e-07,1.6865530253887424e-07,82.1412849525631,82.1412849525631,18.10916462212485,12.324231000558047
1420.7734375,6.095368972401694e-07,1.3995873225726177e-07,1.6826740610704672e-07,82.92535321014145,82.92535321014145,17.784171855585598,11.999238234018794
1420.77734375,6.095368972401694e-07,1.3995873225726177e-07,1.690440931643265e-07,82.92535321014145,82.92535321014145,18.27210485371782,12.487171232151017
1420.78125,6.095368972401694e-07,1.3995873225726177e-07,1.6672472125510626e-07,82.92535321014145,82.92535321014145,16.81502110442365,11.030087482856846
1420.78515625,6.067363295885053e-07,1.3963683610559392e-07,1.6595869074375615e-07,83.18863481096288,83.18863481096288,16.623754096496228,10.838820474929424
1420.7890625,6.053408747539136e-07,1.3995873225726177e-07,1.6557699634695275e-07,83.71811409521212,83.71811409521212,16.239101624990283,10.45416800342348
1420.79296875,6.067363295885053e-07,1.3963683610559392e-07,1.651961798229015e-07,83.18863481096288,83.18863481096288,16.142184913076946,10.357251291510142
1420.796875,6.053408747539136e-07,1.3867558288718896e-07,1.6292960326397213e-07,82.66303743755613,82.66303743755613,15.332050906400852,9.547117284834048
1420.80078125,6.053408747539136e-07,1.3995873225726177e-07,1.6292960326397213e-07,83.71811409521212,83.71811409521212,14.560951803234062,8.776018181667258
1420.8046875,6.0394862937638e-07,1.3963683610559392e-07,1.6218100973589298e-07,83.71811409521226,83.71811409521226,14.323416543201276,8.538482921634472
1420.80859375,6.025595860743574e-07,1.393156802945302e-07,1.6106456351782697e-07,83.71811409521212,83.71811409521212,13.849983714458062,8.065050092891259
1420.8125,6.025595860743574e-07,1.380384264602884e-07,1.5922087270511716e-07,82.66303743755604,82.66303743755604,13.452178685285517,7.667245063718713
1420.81640625,6.0394862937638e-07,1.393156802945302e-07,1.5885467485977776e-07,83.4528868822141,83.4528868822141,12.40549859440263,6.620564972835826
1420.8203125,6.0394862937638e-07,1.3963683610559392e-07,1.5922087270511716e-07,83.71811409521226,83.71811409521226,12.44269665468103,6.657763033114225
1420.82421875,6.025595860743574e-07,1.3867558288718896e-07,1.5922087270511716e-07,83.18863481096288,83.18863481096288,13.065465622110224,7.28053200054342
1420.828125,6.025595860743574e-07,1.3899526312133526e-07,1.5776112696993466e-07,83.45288688221426,83.45288688221426,11.942096406538667,6.157162784971863
1420.83203125,6.0394862937638e-07,1.3963683610559392e-07,1.584893192461114e-07,83.71811409521226,83.71811409521226,11.977904948904055,6.192971327337251
1420.8359375,6.025595860743574e-07,1.3835663789717797e-07,1.5703628043335533e-07,82.92535321014147,82.92535321014147,11.870873655177746,6.085940033610942
1420.83984375,6.025595860743574e-07,1.3963683610559392e-07,1.5776112696993466e-07,83.98432115062342,83.98432115062342,11.549801355282924,5.76486773371612
1420.84375,6.025595860743574e-07,1.3867558288718896e-07,1.555965631605075e-07,83.18863481096288,83.18863481096288,10.760640906633967,4.975707285067163
1420.84765625,6.0394862937638e-07,1.3963683610559392e-07,1.5703628043335533e-07,83.71811409521226,83.71811409521226,11.054718297228675,5.269784675661871
1420.8515625,6.053408747539136e-07,1.3899526312133526e-07,1.559552502826954e-07,82.92535321014145,82.92535321014145,10.728515692655705,4.943582071088901
1420.85546875,6.067363295885053e-07,1.3963683610559392e-07,1.559552502826954e-07,83.18863481096288,83.18863481096288,10.306010281342878,4.5210766597760745
1420.859375,6.053408747539136e-07,1.3963683610559392e-07,1.555965631605075e-07,83.45288688221434,83.45288688221434,10.109681451044679,4.324747829477875
1420.86328125,6.067363295885053e-07,1.393156802945302e-07,1.5523870099580817e-07,82.92535321014145,82.92535321014145,10.049387236041284,4.26445361447448
1420.8671875,6.081350012787183e-07,1.3867558288718896e-07,1.545254439538414e-07,82.14128495256297,82.14128495256297,9.959772520237152,4.174838898670348
1420.87109375,6.081350012787183e-07,1.3835663789717797e-07,1.538154640303034e-07,81.88183909934263,81.88183909934263,9.707457951970895,3.922524330404091
1420.875,6.053408747539136e-07,1.3995873225726177e-07,1.545254439538414e-07,83.71811409521212,83.71811409521212,9.233658875344375,3.448725253777571
1420.87890625,6.081350012787183e-07,1.3835663789717797e-07,1.5275660582380732e-07,81.88183909934263,81.88183909934263,9.042541908013689,3.257608286446885
1420.8828125,6.081350012787183e-07,1.393156802945302e-07,1.538154640303034e-07,82.66303743755587,82.66303743755587,9.123847952924635,3.338914331357831
1420.88671875,6.109420249055721e-07,1.4092887984218748e-07,1.548816618912481e-07,83.45288688221426,83.45288688221426,8.75735231600342,2.972418694436616
1420.890625,6.137620051647946e-07,1.4125375446227541e-07,1.56675107010815e-07,83.18863481096264,83.18863481096264,9.627977913730277,3.843044292163473
1420.89453125,6.165950018614823e-07,1.415793779957081e-07,1.555965631605075e-07,82.92535321014145,82.92535321014145,8.705123401971022,2.9201897804042183
1420.8984375,6.151768727098684e-07,1.4190575216890925e-07,1.559552502826954e-07,83.45288688221423,83.45288688221423,8.757352316003434,2.97241869443663
1420.90234375,6.165950018614823e-07,1.4190575216890925e-07,1.56675107010815e-07,83.18863481096275,83.18863481096275,9.178551402172957,3.393617780606153
1420.90625,6.137620051647946e-07,1.4125375446227541e-07,1.559552502826954e-07,83.18863481096264,83.18863481096264,9.178551402172957,3.393617780606153
1420.91015625,6.180164001384151e-07,1.425607593602188e-07,1.57398286446622e-07,83.45288688221437,83.45288688221437,9.206054393055098,3.421120771488294
1420.9140625,6.194410750767818e-07,1.425607593602188e-07,1.57398286446622e-07,83.18863481096263,83.18863481096263,9.178551402172971,3.393617780606167
1420.91796875,6.223002851691589e-07,1.432187899273544e-07,1.5776112696993466e-07,83.18863481096288,83.18863481096288,8.954613088105006,3.169679466538202
1420.921875,6.251726927756862e-07,1.438798578255845e-07,1.5812480392703843e-07,83.18863481096263,83.18863481096263,8.731189817867502,2.9462561963006983
1420.92578125,6.251726927756862e-07,1.4354894333536558e-07,1.5885467485977776e-07,82.92535321014145,82.92535321014145,9.374933866838049,3.590000245271245
1420.9296875,6.280583588133173e-07,1.4421153515248695e-07,1.5885467485977776e-07,82.9253532101417,82.9253532101417,8.927879656142679,3.142946034575875
1420.93359375,6.30957344480193e-07,1.4354894333536558e-07,1.5776112696993466e-07,81.88183909934284,81.88183909934284,8.601809411471564,2.81687578990476
1420.9375,6.280583588133173e-07,1.4421153515248695e-07,1.5922087270511716e-07,82.9253532101417,82.9253532101417,9.151149416513903,3.3662157949470988
1420.94140625,6.338697112569269e-07,1.438798578255845e-07,1.5776112696993466e-07,81.62334079229007,81.62334079229007,8.3572636635364,2.5723300419695967
1420.9453125,6.353309318517436e-07,1.452111617587742e-07,1.5922087270511716e-07,82.40168287990647,82.40168287990647,8.432356704132204,2.6474230825653997
1420.94921875,6.367955209079156e-07,1.4487718535447616e-07,1.584893192461114e-07,81.88183909934284,81.88183909934284,8.163101896811028,2.3781682752442244
1420.953125,6.382634861905488e-07,1.452111617587742e-07,1.5885467485977776e-07,81.88183909934276,81.88183909934276,8.163101896810915,2.3781682752441107
1420.95703125,6.412095765851616e-07,1.452111617587742e-07,1.584893192461114e-07,81.36578553145694,81.36578553145694,7.8973164866576155,2.1123828650908116
1420.9609375,6.397348354826482e-07,1.4487718535447616e-07,1.5885467485977776e-07,81.36578553145695,81.36578553145695,8.332415196564085,2.5474815749972812
1420.96484375,6.412095765851616e-07,1.458814260275349e-07,1.5812480392703843e-07,81.88183909934284,81.88183909934284,7.291724640094628,1.5067910185278244
1420.96875,6.456542290346556e-07,1.452111617587742e-07,1.5812480392703843e-07,80.59873344238633,80.59873344238633,7.612303354255204,1.8273697326883998
1420.97265625,6.426877173170195e-07,1.4621771744567184e-07,1.5812480392703843e-07,81.88183909934284,81.88183909934284,7.075131453891231,1.2901978323244272
1420.9765625,6.471426157485831e-07,1.4554590805819668e-07,1.57398286446622e-07,80.59873344238646,80.59873344238646,6.97064309031245,1.185709468745646
1420.98046875,6.501296903430902e-07,1.458814260275349e-07,1.5776112696993466e-07,80.34490591958043,80.34490591958043,6.949972912182062,1.1650392906152582
1420.984375,6.486344335482388e-07,1.452111617587742e-07,1.57398286446622e-07,80.09199935586862,80.09199935586862,7.141508913832325,1.3565752922655214
1420.98828125,6.501296903430902e-07,1.4554590805819668e-07,1.5776112696993466e-07,80.09199935586882,80.09199935586882,7.141508913832155,1.356575292265351
1420.9921875,6.486344335482388e-07,1.445439770745928e-07,1.5631476426409537e-07,79.58893178675785,79.58893178675785,6.888410951467378,1.1034773299005742
1420.99609375,6.531305526474723e-07,1.4421153515248695e-07,1.548816618912481e-07,78.59365912358116,78.59365912358116,6.185045714008041,0.4001120924412369
1421.0,6.637430704019089e-07,1.5205475297324956e-07,1.6368165214278085e-07,82.66303743755604,82.66303743755604,6.70317288510293,0.9182392635361261
1421.00390625,6.531305526474723e-07,1.4554590805819668e-07,1.5631476426409537e-07,79.58893178675795,79.58893178675795,6.258685353475784,0.4737517319089797
1421.0078125,6.591738952443213e-07,1.46554784095591e-07,1.584893192461114e-07,79.33876218800515,79.33876218800515,6.868038652546531,1.083105030979727
1421.01171875,6.622165037017623e-07,1.485935642287006e-07,1.5885467485977776e-07,80.34490591958019,80.34490591958019,5.89348217054571,0.10854854897890576
1421.015625,6.652731562017413e-07,1.4927944095789974e-07,1.606941253012879e-07,80.34490591958043,80.34490591958043,6.525916463358882,0.7409828417920785
1421.01953125,6.714288529259523e-07,1.5066070661867418e-07,1.6218100973589298e-07,80.34490591958033,80.34490591958033,6.525916463358868,0.7409828417920643
1421.0234375,6.729766562843181e-07,1.5205475297324956e-07,1.6292960326397213e-07,81.10916884468719,81.10916884468719,6.15846793035972,0.37353430879291594
1421.02734375,6.776415076106751e-07,1.534616982799294e-07,1.6330519478943344e-07,81.36578553145694,81.36578553145694,5.539762155301645,-0.24517146626515895
1421.03125,6.807693586937411e-07,1.5310874616820304e-07,1.6443717232149307e-07,80.59873344238646,80.59873344238646,6.333399984556962,0.5484663629901583
1421.03515625,6.839116472814293e-07,1.545254439538414e-07,1.6557699634695275e-07,81.10916884468729,81.10916884468729,6.15846793035972,0.37353430879291594
1421.0390625,6.886522963442763e-07,1.5523870099580817e-07,1.671090614310707e-07,80.85348628740182,80.85348628740182,6.564805169832283,0.7798715482654792
1421.04296875,6.918309709189362e-07,1.5631476426409537e-07,1.6634126503701698e-07,81.10916884468729,81.10916884468729,5.523301986485535,-0.26163163508126885
1421.046875,6.902398038402419e-07,1.56675107010815e-07,1.6826740610704672e-07,81.62334079229015,81.62334079229015,6.409210080256855,0.6242764586900513
1421.05078125,6.98232404077172e-07,1.5776112696993466e-07,1.6865530253887424e-07,81.10916884468702,81.10916884468702,5.946258254533518,0.16132463296671418
1421.0546875,6.98232404077172e-07,1.5885467485977776e-07,1.702158508394952e-07,81.88183909934261,81.88183909934261,6.213728770150652,0.4287951485838484
1421.05859375,7.014552984199713e-07,1.5958791472367336e-07,1.690440931643265e-07,81.88183909934287,81.88183909934287,5.148072616889877,-0.636861004676927
1421.0625,7.046930689671467e-07,1.5958791472367336e-07,1.7060823890031244e-07,81.36578553145708,81.36578553145708,5.963978888844707,0.17904526727790326
1421.06640625,7.063175542629615e-07,1.60324539069004e-07,1.7179083871575893e-07,81.62334079229007,81.62334079229007,6.195241150825126,0.41030752925832203
1421.0703125,7.07945784384138e-07,1.6180800376430679e-07,1.7298163592151034e-07,82.40168287990663,82.40168287990663,6.035512655128983,0.2505790335621789
1421.07421875,7.112135136533288e-07,1.6255487557504835e-07,1.7298163592151034e-07,82.4016828799065,82.4016828799065,5.606207737801881,-0.1787258837649226
1421.078125,7.144963260755135e-07,1.6255487557504835e-07,1.7378008287493743e-07,81.88183909934276,81.88183909934276,5.999614905647462,0.21468128408065823
1421.08203125,7.16143410212902e-07,1.6330519478943344e-07,1.7418068733916128e-07,82.14128495256297,82.14128495256297,5.803271576861235,0.01833795529443094
1421.0859375,7.144963260755135e-07,1.6330519478943344e-07,1.7458221529205038e-07,82.40168287990646,82.40168287990646,6.035512655128997,0.25057903356219313
1421.08984375,7.177942912713615e-07,1.6481623915255085e-07,1.7538805018417602e-07,82.92535321014158,82.92535321014158,5.6397975333374575,-0.14513608822934643
1421.09375,7.177942912713615e-07,1.6292960326397213e-07,1.7378008287493743e-07,81.62334079229004,81.62334079229004,5.7687785047732945,-0.01615511679350945
1421.09765625,7.227698036021703e-07,1.651961798229015e-07,1.7498466886246564e-07,82.40168287990647,82.40168287990647,5.17887529739852,-0.6060583241682842
1421.1015625,7.227698036021703e-07,1.6443717232149307e-07,1.7538805018417602e-07,81.88183909934276,81.88183909934276,5.78599348936757,0.0010598678007660567
1421.10546875,7.244359600749906e-07,1.6557699634695275e-07,1.761976046411629e-07,82.40168287990637,82.40168287990637,5.606207737801753,-0.1787258837650505
1421.109375,7.261059574351544e-07,1.6634126503701698e-07,1.7660378206861638e-07,82.66303743755613,82.66303743755613,5.408419940442613,-0.3765136811241909
1421.11328125,7.244359600749906e-07,1.6595869074375615e-07,1.7701089583174203e-07,82.66303743755604,82.66303743755604,5.838018268604017,0.05308464703721327
1421.1171875,7.277798045368242e-07,1.6481623915255085e-07,1.761976046411629e-07,81.36578553145695,81.36578553145695,5.963978888844707,0.17904526727790326
1421.12109375,7.277798045368242e-07,1.6405897731995388e-07,1.7538805018417602e-07,80.85348628740182,80.85348628740182,5.928602126420628,0.14366850485382443
1421.125,7.311390834834172e-07,1.6672472125510626e-07,1.7660378206861638e-07,82.14128495256297,82.14128495256297,5.163445750174972,-0.6214878713918317
1421.12890625,7.277798045368242e-07,1.6481623915255085e-07,1.761976046411629e-07,81.36578553145695,81.36578553145695,5.963978888844707,0.17904526727790326
1421.1328125,7.311390834834172e-07,1.6595869074375615e-07,1.7579236139586932e-07,81.62334079229016,81.62334079229016,5.1327556292449685,-0.6521779923218354
1421.13671875,7.328245331389036e-07,1.671090614310707e-07,1.782378767448089e-07,82.141284952563,82.141284952563,5.80327157686132,0.018337955294516206
1421.140625,7.345138681571151e-07,1.6788040181225607e-07,1.7782794100389227e-07,82.40168287990647,82.40168287990647,5.17887529739852,-0.6060583241682842
1421.14453125,7.328245331389036e-07,1.674942876026438e-07,1.7864875748520516e-07,82.40168287990663,82.40168287990663,5.820613068798821,0.03567944723201677
1421.1484375,7.36207097494736e-07,1.6826740610704672e-07,1.7782794100389227e-07,82.4016828799065,82.4016828799065,4.96594592231834,-0.8189876992484635
1421.15234375,7.36207097494736e-07,1.674942876026438e-07,1.7864875748520516e-07,81.88183909934287,81.88183909934287,5.785993489367584,0.0010598678007802675
1421.15625,7.311390834834172e-07,1.6634126503701698e-07,1.7660378206861638e-07,81.88183909934287,81.88183909934287,5.360223473683845,-0.42471014788295847
1421.16015625,7.328245331389036e-07,1.674942876026438e-07,1.7864875748520516e-07,82.40168287990663,82.40168287990663,5.820613068798821,0.03567944723201677
1421.1640625,7.345138681571151e-07,1.6672472125510626e-07,1.7864875748520516e-07,81.62334079229004,81.62334079229004,6.195241150825055,0.410307529258251
1421.16796875,7.345138681571151e-07,1.6826740610704672e-07,1.782378767448089e-07,82.66303743755601,82.66303743755601,5.194361528531303,-0.590572093035501
1421.171875,7.311390834834172e-07,1.671090614310707e-07,1.782378767448089e-07,82.4016828799065,82.4016828799065,5.820613068798792,0.03567944723198835
1421.17578125,7.328245331389036e-07,1.671090614310707e-07,1.7782794100389227e-07,82.141284952563,82.141284952563,5.589505028802591,-0.19542859276421254
1421.1796875,7.294575102545688e-07,1.671090614310707e-07,1.7741894808901663e-07,82.66303743755601,82.66303743755601,5.408419940442727,-0.37651368112407724
1421.18359375,7.294575102545688e-07,1.6595869074375615e-07,1.7660378206861638e-07,81.88183909934287,81.88183909934287,5.572863388711156,-0.2120702328556483
1421.1875,7.261059574351544e-07,1.6557699634695275e-07,1.761976046411629e-07,82.14128495256297,82.14128495256297,5.589505028802577,-0.19542859276422675
1421.19140625,7.261059574351544e-07,1.651961798229015e-07,1.7579236139586932e-07,81.88183909934284,81.88183909934284,5.5728633887112835,-0.2120702328555204
1421.1953125,7.227698036021703e-07,1.651961798229015e-07,1.761976046411629e-07,82.40168287990647,82.40168287990647,5.820613068798821,0.03567944723201677
1421.19921875,7.227698036021703e-07,1.651961798229015e-07,1.7579236139586932e-07,82.40168287990647,82.40168287990647,5.606207737801782,-0.17872588376502208
1421.203125,7.21107479182899e-07,1.6481623915255085e-07,1.7498466886246564e-07,82.40168287990663,82.40168287990663,5.392295525382011,-0.3926380961847933
1421.20703125,7.194489780036999e-07,1.6481623915255085e-07,1.7579236139586932e-07,82.66303743755601,82.66303743755601,5.838018268604117,0.05308464703731275
1421.2109375,7.16143410212902e-07,1.6368165214278085e-07,1.7418068733916128e-07,82.4016828799065,82.4016828799065,5.606207737801654,-0.17872588376514997
1421.21484375,7.144963260755135e-07,1.6405897731995388e-07,1.7378008287493743e-07,82.92535321014145,82.92535321014145,5.209904715229726,-0.5750289063370779
1421.21875,7.112135136533288e-07,1.6255487557504835e-07,1.7258378919902025e-07,82.4016828799065,82.4016828799065,5.392295525382025,-0.3926380961847791
1421.22265625,7.095777679633887e-07,1.6218100973589298e-07,1.7298163592151034e-07,82.4016828799065,82.4016828799065,5.82061306879892,0.035679447232116246
1421.2265625,7.07945784384138e-07,1.6106456351782697e-07,1.7100153150902864e-07,81.88183909934274,81.88183909934274,5.360223473683874,-0.42471014788293004
1421.23046875,7.030723198838334e-07,1.5922087270511716e-07,1.6982436524617427e-07,81.36578553145708,81.36578553145708,5.751626323399179,-0.033307298167624566
1421.234375,6.98232404077172e-07,1.5812480392703843e-07,1.6788040181225607e-07,81.36578553145695,81.36578553145695,5.32838526126875,-0.45654836029805423
1421.23828125,6.934258060165695e-07,1.5703628043335533e-07,1.671090614310707e-07,81.36578553145696,81.36578553145696,5.5397621553015455,-0.24517146626525843
1421.2421875,6.886522963442763e-07,1.559552502826954e-07,1.6634126503701698e-07,81.36578553145695,81.36578553145695,5.751626323399364,-0.033307298167439825
1421.24609375,6.823386941416697e-07,1.54170045294956e-07,1.6330519478943344e-07,81.10916884468729,81.10916884468729,5.102289025967821,-0.6826445955989833
1421.25,6.854882264526614e-07,1.57398286446622e-07,1.671090614310707e-07,82.92535321014158,82.92535321014158,5.4246036581943,-0.36032996337250367
1421.25390625,6.714288529259523e-07,1.5205475297324956e-07,1.6255487557504835e-07,81.36578553145696,81.36578553145696,5.963978888844721,0.17904526727791747
1421.2578125,6.714288529259523e-07,1.5275660582380732e-07,1.6255487557504835e-07,81.88183909934287,81.88183909934287,5.572863388711184,-0.21207023285561988
1421.26171875,6.714288529259523e-07,1.5205475297324956e-07,1.6218100973589298e-07,81.36578553145696,81.36578553145696,5.75162632339935,-0.033307298167454036
1421.265625,6.652731562017413e-07,1.5170503674593368e-07,1.6106456351782697e-07,82.14128495256297,82.14128495256297,5.3762301301611615,-0.40870349140564244
1421.26953125,6.622165037017623e-07,1.5205475297324956e-07,1.6143585568264852e-07,82.92535321014147,82.92535321014147,5.424603658194272,-0.3603299633725321
1421.2734375,6.591738952443213e-07,1.5170503674593368e-07,1.606941253012879e-07,83.18863481096275,83.18863481096275,5.225505130849157,-0.5594284907176466
1421.27734375,6.531305526474723e-07,1.510080154164148e-07,1.60324539069004e-07,83.71811409521214,83.71811409521214,5.473513482724073,-0.3114201388427311
1421.28125,6.501296903430902e-07,1.4927944095789974e-07,1.584893192461114e-07,82.9253532101417,82.9253532101417,5.4246036581943144,-0.36032996337248946
1421.28515625,6.456542290346556e-07,1.485935642287006e-07,1.5812480392703843e-07,83.18863481096264,83.18863481096264,5.656685209857258,-0.1282484117095457
1421.2890625,6.382634861905488e-07,1.475706533275893e-07,1.5631476426409537e-07,83.71811409521203,83.71811409521203,5.256878750845118,-0.5280548707216859
1421.29296875,6.353309318517436e-07,1.46554784095591e-07,1.56675107010815e-07,83.45288688221413,83.45288688221413,6.108103420546868,0.32316979898006437
1421.296875,6.280583588133173e-07,1.445439770745928e-07,1.538154640303034e-07,83.18863481096287,83.18863481096287,5.656685209857059,-0.12824841170974466
1421.30078125,6.208690342300637e-07,1.438798578255845e-07,1.5240527537972906e-07,83.9843211506232,83.9843211506232,5.272652510546607,-0.5122811110201972
1421.3046875,6.151768727098684e-07,1.425607593602188e-07,1.5170503674593368e-07,83.98432115062316,83.98432115062316,5.707722933242849,-0.07721068832395517
1421.30859375,6.109420249055721e-07,1.4092887984218748e-07,1.4962356560944328e-07,83.45288688221426,83.45288688221426,5.45715014203391,-0.32778347953289355
1421.3125,6.025595860743574e-07,1.393156802945302e-07,1.4825180851459545e-07,83.71811409521212,83.71811409521212,5.690647609236279,-0.09428601233052447
1421.31640625,5.970352865838366e-07,1.3835663789717797e-07,1.46554784095591e-07,83.9843211506232,83.9843211506232,5.272652510546607,-0.5122811110201972
1421.3203125,5.874893525297762e-07,1.3772094688939471e-07,1.458814260275349e-07,85.33022067107102,85.33022067107102,5.352402070847475,-0.4325315507193288
1421.32421875,5.847900841444812e-07,1.3645831365889254e-07,1.445439770745928e-07,84.78886882313257,84.78886882313257,5.320324957225495,-0.4646086643413092
1421.328125,5.794286964268816e-07,1.352072563194278e-07,1.425607593602188e-07,84.78886882313257,84.78886882313257,4.883337905771967,-0.9015957157948371
1421.33203125,5.727960309858292e-07,1.3396766874259359e-07,1.4190575216890925e-07,85.05904285001418,85.05904285001418,5.336333774764398,-0.4485998468024057
1421.3359375,5.649369748123029e-07,1.3212956341865753e-07,1.3963683610559392e-07,85.05904285001407,85.05904285001407,5.116930496904033,-0.6680031246627713
1421.33984375,5.571857489319299e-07,1.3152248321922376e-07,1.3899526312133526e-07,86.14982587164991,86.14982587164991,5.178906071285823,-0.6060275502809809
1421.34375,5.520774392807574e-07,1.288249551693135e-07,1.361444682465951e-07,84.78886882313266,84.78886882313266,5.101579881642309,-0.6833537399244953
1421.34765625,5.482769649208537e-07,1.2823305826560204e-07,1.3645831365889254e-07,85.05904285001405,85.05904285001405,5.776658826793039,-0.008274794773765137
1421.3515625,5.382697825162887e-07,1.2618275345906705e-07,1.336595516546442e-07,85.33022067107075,85.33022067107075,5.352402070847489,-0.4325315507193146
1421.35546875,5.296634438916581e-07,1.2560299636948753e-07,1.327394457729739e-07,86.70133863935236,86.70133863935236,5.21024165304614,-0.5746919685206642
1421.359375,5.260172663907063e-07,1.2359474334445107e-07,1.309181922999407e-07,85.60240716800591,85.60240716800591,5.368530134733859,-0.4164034868329445
1421.36328125,5.199959965335158e-07,1.221799660164871e-07,1.294195841449985e-07,85.60240716800591,85.60240716800591,5.368530134733831,-0.4164034868329729
1421.3671875,5.105049999754059e-07,1.1939881044642744e-07,1.270574105208542e-07,85.0590428500143,85.0590428500143,5.7766588267928825,-0.008274794773921457
1421.37109375,5.035006087879052e-07,1.1803206356517298e-07,1.2445146117713856e-07,85.33022067107078,85.33022067107078,4.912780352637114,-0.87215326892969
1421.375,4.954501908047905e-07,1.1748975549395303e-07,1.2416523075924107e-07,86.7013386393524,86.7013386393524,5.210241653046111,-0.5746919685206926
1421.37890625,4.875284901033865e-07,1.148153621496883e-07,1.2189895989248662e-07,85.87560725353829,85.87560725353829,5.606621225279483,-0.1783123962873212
1421.3828125,4.841723675840994e-07,1.137627285823431e-07,1.202264434617412e-07,85.60240716800593,85.60240716800593,5.147803104047739,-0.6371305175190649
1421.38671875,4.775292736576907e-07,1.1297959146727976e-07,1.199499303149378e-07,86.42506799783521,86.42506799783521,5.6405205120576625,-0.14441310950914144
1421.390625,4.698941086052151e-07,1.1246049739669257e-07,1.1939881044642744e-07,87.81680762996268,87.81680762996268,5.726384664137541,-0.05854895742926303
1421.39453125,4.655860935229591e-07,1.109174815262402e-07,1.1694993910198711e-07,87.25698565776538,87.25698565776538,5.017571120338687,-0.7673625012281171
1421.3984375,4.549880601500485e-07,1.0839269140212038e-07,1.1561122421920994e-07,87.25698565776538,87.25698565776538,6.1439574012027265,0.3590237796359226
1421.40234375,4.49779854893288e-07,1.0789467222298286e-07,1.1428783347897712e-07,88.09829708669758,88.09829708669758,5.516420910048765,-0.26851271151803857
1421.40625,4.41570447353313e-07,1.054386896391258e-07,1.122018454301963e-07,87.53637221029912,87.53637221029912,5.93556220909737,0.15062858753056574
1421.41015625,4.355118736855688e-07,1.0519618738232223e-07,1.1142945335917293e-07,88.94914188027784,88.94914188027784,5.5668366336160915,-0.21809698795071242
1421.4140625,4.2953642676488724e-07,1.0351421666793431e-07,1.0964781961431852e-07,88.6644589580556,88.6644589580556,5.549968109980142,-0.2349655115866618
1421.41796875,4.24619563946313e-07,1.0209394837076808e-07,1.0839269140212038e-07,88.38084578377351,88.38084578377351,5.761183312318039,-0.023750309248764978
1421.421875,4.1975898399100733e-07,1.0069316688518045e-07,1.0641430182243164e-07,88.09829708669771,88.09829708669771,5.289613352499373,-0.495320269067431
1421.42578125,4.13047501990161e-07,9.908319448927686e-08,1.054386896391258e-07,88.09829708669785,88.09829708669785,5.971605766684675,0.18667214511787122
1421.4296875,4.055085354483835e-07,9.817479430199844e-08,1.0375284158180116e-07,89.23489985531707,89.23489985531707,5.354192290777576,-0.43074133078922827
1421.43359375,3.9810717055349735e-07,9.594006315159337e-08,1.0209394837076808e-07,88.6644589580557,88.6644589580557,6.00792109791729,0.222987476350486
1421.4375,3.9355007545577766e-07,9.440608762859227e-08,1.0046157902783956e-07,88.09829708669749,88.09829708669749,5.971605766684931,0.18667214511812702
1421.44140625,3.854783576657717e-07,9.31107875467829e-08,9.88553094656939e-08,88.94914188027784,88.94914188027784,5.796244656645911,0.011311035079106802
1421.4453125,3.810658233937734e-07,9.225714271547628e-08,9.772372209558111e-08,89.23489985531683,89.23489985531683,5.5837688581363665,-0.20116476343043743
1421.44921875,3.7325015779572067e-07,9.036494737223023e-08,9.638290236239706e-08,89.23489985531707,89.23489985531707,6.275678814885808,0.4907451933190039
1421.453125,3.6897759857015046e-07,8.953647655495937e-08,9.484184633008979e-08,89.52173822246935,89.52173822246935,5.600765099913957,-0.1841685216528468
1421.45703125,3.622429984166987e-07,8.790225168308842e-08,9.332543007969923e-08,89.52173822246938,89.52173822246938,5.831571307027389,0.04663768546058478
1421.4609375,3.556313185689851e-07,8.709635899560796e-08,9.204495717531722e-08,90.68000361861124,90.68000361861124,5.436299487163538,-0.34863413440326596
1421.46484375,3.4994516702835694e-07,8.590135215053961e-08,9.057326008981997e-08,90.97232526024264,90.97232526024264,5.2196369103569396,-0.5652967112098644
1421.46875,3.435579478998747e-07,8.375292821268826e-08,8.89201117857948e-08,90.09867766408516,90.09867766408516,5.8671659073475695,0.08223228578076558
1421.47265625,3.3806483620598154e-07,8.279421637123345e-08,8.790225168308842e-08,90.68000361861138,90.68000361861138,5.903031136026172,0.11809751445936811
1421.4765625,3.3189445755261034e-07,8.147042840208388e-08,8.609937521846017e-08,90.97232526024237,90.97232526024237,5.452908474730265,-0.33202514683653916
1421.48046875,3.2658783217233604e-07,7.998342550070292e-08,8.491804750363144e-08,90.68000361861137,90.68000361861137,5.903031136026172,0.11809751445936811
1421.484375,3.228494121712638e-07,7.852356346100726e-08,8.336811846196348e-08,89.80966235573226,89.80966235573226,5.849334946859798,0.06440132529299447
1421.48828125,3.155004623374627e-07,7.691304402866098e-08,8.203515443298177e-08,90.09867766408519,90.09867766408519,6.333203066554518,0.5482694449877137
1421.4921875,3.118889584093935e-07,7.585775750291836e-08,8.053784411990676e-08,89.80966235573226,89.80966235573226,5.849334946859997,0.06440132529319342
1421.49609375,3.0478949896279863e-07,7.464487584100653e-08,7.888601176185548e-08,90.68000361861095,90.68000361861095,5.436299487163538,-0.34863413440326596
1421.5,3.0478949896279863e-07,7.464487584100653e-08,7.888601176185548e-08,90.68000361861095,90.68000361861095,5.436299487163538,-0.34863413440326596
